RECN,ID,TIME,CMT,EVID,AMT,DV,LNDV,FLAG,DGRP,II,ADDL,ROUTE,BW,ADA,SPEC,CMPD
1,28,0,2,1,9,0,0,0,9,48,10,2,3,0,2,1
2,28,0.5,2,0,0,5.0394,1.6173,0,9,0,0,2,3,0,2,1
3,28,4,2,0,0,19.884,2.9899,0,9,0,0,2,3,0,2,1
4,28,24,2,0,0,23.129,3.1411,0,9,0,0,2,3,0,2,1
5,28,48,2,0,0,0,0,1,9,0,0,2,3,0,2,1
6,28,144,2,0,0,0.86076,-0.14994,0,9,0,0,2,3,0,2,1
7,28,240,2,0,0,3.2249,1.1709,0,9,0,0,2,3,0,2,1
8,28,336,2,0,0,5.1882,1.6464,0,9,0,0,2,3,0,2,1
9,29,0,2,1,0.9,0,0,0,0.9,48,10,2,0.3,0,3,1
10,29,0.5,2,0,0,2.6404,0.97091,0,0.9,0,0,2,0.3,0,3,1
11,29,4,2,0,0,9.0267,2.2002,0,0.9,0,0,2,0.3,0,3,1
12,29,24,2,0,0,26.248,3.2676,0,0.9,0,0,2,0.3,0,3,1
13,29,48,2,0,0,22.616,3.1186,0,0.9,0,0,2,0.3,0,3,1
14,29,144,2,0,0,42.873,3.7582,0,0.9,0,0,2,0.3,0,3,1
15,29,240,2,0,0,69.964,4.248,0,0.9,0,0,2,0.3,0,3,1
16,29,336,2,0,0,51.264,3.937,0,0.9,0,0,2,0.3,0,3,1
17,31,0,2,1,30,0,0,0,30,48,10,2,3,0,2,1
18,31,0.5,2,0,0,7.8121,2.0557,0,30,0,0,2,3,0,2,1
19,31,4,2,0,0,47.628,3.8634,0,30,0,0,2,3,0,2,1
20,31,24,2,0,0,124.17,4.8217,0,30,0,0,2,3,0,2,1
21,31,48,2,0,0,73.375,4.2956,0,30,0,0,2,3,0,2,1
22,31,144,2,0,0,109.47,4.6957,0,30,0,0,2,3,0,2,1
23,31,240,2,0,0,241.77,5.488,0,30,0,0,2,3,0,2,1
24,31,336,2,0,0,155.87,5.049,0,30,0,0,2,3,0,2,1
25,32,0,2,1,3,0,0,0,3,48,10,2,0.3,1,3,1
26,32,0.5,2,0,0,11.079,2.405,0,3,0,0,2,0.3,1,3,1
27,32,4,2,0,0,76.874,4.3422,0,3,0,0,2,0.3,1,3,1
28,32,24,2,0,0,110.31,4.7033,0,3,0,0,2,0.3,1,3,1
29,32,48,2,0,0,73.663,4.2995,0,3,0,0,2,0.3,1,3,1
30,32,144,2,0,0,0.71082,-0.34134,0,3,0,0,2,0.3,1,3,1
31,32,240,2,0,0,0,0,1,3,0,0,2,0.3,1,3,1
32,32,336,2,0,0,0,0,1,3,0,0,2,0.3,1,3,1
33,34,0,2,1,90,0,0,0,90,48,10,2,3,0,2,1
34,34,0.5,2,0,0,15.631,2.7493,0,90,0,0,2,3,0,2,1
35,34,4,2,0,0,92.392,4.526,0,90,0,0,2,3,0,2,1
36,34,24,2,0,0,338.1,5.8234,0,90,0,0,2,3,0,2,1
37,34,48,2,0,0,173.64,5.157,0,90,0,0,2,3,0,2,1
38,34,144,2,0,0,137.52,4.9238,0,90,0,0,2,3,0,2,1
39,34,240,2,0,0,660.21,6.4926,0,90,0,0,2,3,0,2,1
40,34,336,2,0,0,1136.6,7.0358,0,90,0,0,2,3,0,2,1
41,35,0,2,1,9,0,0,0,9,48,10,2,0.3,1,3,1
42,35,0.5,2,0,0,42.108,3.7402,0,9,0,0,2,0.3,1,3,1
43,35,4,2,0,0,171,5.1416,0,9,0,0,2,0.3,1,3,1
44,35,24,2,0,0,198.78,5.2922,0,9,0,0,2,0.3,1,3,1
45,35,48,2,0,0,375.07,5.9271,0,9,0,0,2,0.3,1,3,1
46,35,144,2,0,0,3.6054,1.2824,0,9,0,0,2,0.3,1,3,1
47,35,240,2,0,0,0.25313,-1.3739,0,9,0,0,2,0.3,1,3,1
48,35,336,2,0,0,0,0,1,9,0,0,2,0.3,1,3,1
49,64,0,2,1,9,0,0,0,9,48,10,2,3,0,2,2
50,64,0.5,2,0,0,0.85246,-0.15963,0,9,0,0,2,3,0,2,2
51,64,4,2,0,0,6.2866,1.8384,0,9,0,0,2,3,0,2,2
52,64,24,2,0,0,1.9555,0.67063,0,9,0,0,2,3,0,2,2
53,64,48,2,0,0,1.1136,0.10755,0,9,0,0,2,3,0,2,2
54,64,144,2,0,0,0.7359,-0.30667,0,9,0,0,2,3,0,2,2
55,64,240,2,0,0,0.65556,-0.42226,0,9,0,0,2,3,0,2,2
56,64,336,2,0,0,0.80694,-0.21451,0,9,0,0,2,3,0,2,2
57,65,0,2,1,0.9,0,0,0,0.9,48,10,2,0.3,0,3,2
58,65,0.5,2,0,0,0.81146,-0.20891,0,0.9,0,0,2,0.3,0,3,2
59,65,4,2,0,0,0.91611,-0.087623,0,0.9,0,0,2,0.3,0,3,2
60,65,24,2,0,0,1.8722,0.62713,0,0.9,0,0,2,0.3,0,3,2
61,65,48,2,0,0,0.91694,-0.086711,0,0.9,0,0,2,0.3,0,3,2
62,65,144,2,0,0,1.0729,0.070329,0,0.9,0,0,2,0.3,0,3,2
63,65,240,2,0,0,1.2221,0.2006,0,0.9,0,0,2,0.3,0,3,2
64,65,336,2,0,0,0.9145,-0.08938,0,0.9,0,0,2,0.3,0,3,2
65,67,0,2,1,30,0,0,0,30,48,10,2,3,0,2,2
66,67,0.5,2,0,0,3.7894,1.3322,0,30,0,0,2,3,0,2,2
67,67,4,2,0,0,14.595,2.6807,0,30,0,0,2,3,0,2,2
68,67,24,2,0,0,4.8558,1.5802,0,30,0,0,2,3,0,2,2
69,67,48,2,0,0,1.4501,0.37164,0,30,0,0,2,3,0,2,2
70,67,144,2,0,0,10.049,2.3075,0,30,0,0,2,3,0,2,2
71,67,240,2,0,0,19.457,2.9682,0,30,0,0,2,3,0,2,2
72,67,336,2,0,0,9.2137,2.2207,0,30,0,0,2,3,0,2,2
73,68,0,2,1,3,0,0,0,3,48,10,2,0.3,0,3,2
74,68,0.5,2,0,0,2.6596,0.97818,0,3,0,0,2,0.3,0,3,2
75,68,4,2,0,0,4.0998,1.4109,0,3,0,0,2,0.3,0,3,2
76,68,24,2,0,0,3.8363,1.3445,0,3,0,0,2,0.3,0,3,2
77,68,48,2,0,0,0.9653,-0.035312,0,3,0,0,2,0.3,0,3,2
78,68,144,2,0,0,0.55568,-0.58756,0,3,0,0,2,0.3,0,3,2
79,68,240,2,0,0,0.97867,-0.021563,0,3,0,0,2,0.3,0,3,2
80,68,336,2,0,0,0.69537,-0.36332,0,3,0,0,2,0.3,0,3,2
81,70,0,2,1,90,0,0,0,90,48,10,2,3,0,2,2
82,70,0.5,2,0,0,8.7868,2.1733,0,90,0,0,2,3,0,2,2
83,70,4,2,0,0,20.461,3.0185,0,90,0,0,2,3,0,2,2
84,70,24,2,0,0,14.63,2.6831,0,90,0,0,2,3,0,2,2
85,70,48,2,0,0,6.3417,1.8471,0,90,0,0,2,3,0,2,2
86,70,144,2,0,0,7.0294,1.9501,0,90,0,0,2,3,0,2,2
87,70,240,2,0,0,4.959,1.6012,0,90,0,0,2,3,0,2,2
88,70,336,2,0,0,4.044,1.3972,0,90,0,0,2,3,0,2,2
89,71,0,2,1,9,0,0,0,9,48,10,2,0.3,0,3,2
90,71,0.5,2,0,0,5.3603,1.679,0,9,0,0,2,0.3,0,3,2
91,71,4,2,0,0,18.026,2.8918,0,9,0,0,2,0.3,0,3,2
92,71,24,2,0,0,12.054,2.4894,0,9,0,0,2,0.3,0,3,2
93,71,48,2,0,0,3.7473,1.321,0,9,0,0,2,0.3,0,3,2
94,71,144,2,0,0,3.7368,1.3182,0,9,0,0,2,0.3,0,3,2
95,71,240,2,0,0,2.417,0.88251,0,9,0,0,2,0.3,0,3,2
96,71,336,2,0,0,6.5804,1.8841,0,9,0,0,2,0.3,0,3,2
97,100,0,2,1,9,0,0,0,9,48,10,2,3,1,2,1
98,100,0.5,2,0,0,1.2731,0.24147,0,9,0,0,2,3,1,2,1
99,100,4,2,0,0,14.319,2.6616,0,9,0,0,2,3,1,2,1
100,100,24,2,0,0,24.947,3.2168,0,9,0,0,2,3,1,2,1
101,100,48,2,0,0,6.5674,1.8821,0,9,0,0,2,3,1,2,1
102,100,144,2,0,0,0,0,1,9,0,0,2,3,1,2,1
103,100,240,2,0,0,0,0,1,9,0,0,2,3,1,2,1
104,100,336,2,0,0,0,0,1,9,0,0,2,3,1,2,1
105,101,0,2,1,0.9,0,0,0,0.9,48,10,2,0.3,1,3,1
106,101,0.5,2,0,0,3.1993,1.1629,0,0.9,0,0,2,0.3,1,3,1
107,101,4,2,0,0,13.837,2.6273,0,0.9,0,0,2,0.3,1,3,1
108,101,24,2,0,0,27.919,3.3293,0,0.9,0,0,2,0.3,1,3,1
109,101,48,2,0,0,28.783,3.3598,0,0.9,0,0,2,0.3,1,3,1
110,101,144,2,0,0,0.11812,-2.136,0,0.9,0,0,2,0.3,1,3,1
111,101,240,2,0,0,0,0,1,0.9,0,0,2,0.3,1,3,1
112,101,336,2,0,0,0,0,1,0.9,0,0,2,0.3,1,3,1
113,103,0,2,1,30,0,0,0,30,48,10,2,3,0,2,1
114,103,0.5,2,0,0,5.7956,1.7571,0,30,0,0,2,3,0,2,1
115,103,4,2,0,0,83.583,4.4258,0,30,0,0,2,3,0,2,1
116,103,24,2,0,0,46.389,3.8371,0,30,0,0,2,3,0,2,1
117,103,48,2,0,0,77.954,4.3561,0,30,0,0,2,3,0,2,1
118,103,144,2,0,0,81.148,4.3963,0,30,0,0,2,3,0,2,1
119,103,240,2,0,0,296.94,5.6935,0,30,0,0,2,3,0,2,1
120,103,336,2,0,0,246.05,5.5055,0,30,0,0,2,3,0,2,1
121,104,0,2,1,3,0,0,0,3,48,10,2,0.3,1,3,1
122,104,0.5,2,0,0,10.471,2.3486,0,3,0,0,2,0.3,1,3,1
123,104,4,2,0,0,75.795,4.328,0,3,0,0,2,0.3,1,3,1
124,104,24,2,0,0,145.52,4.9803,0,3,0,0,2,0.3,1,3,1
125,104,48,2,0,0,78.714,4.3658,0,3,0,0,2,0.3,1,3,1
126,104,144,2,0,0,0.85658,-0.1548,0,3,0,0,2,0.3,1,3,1
127,104,240,2,0,0,0,0,1,3,0,0,2,0.3,1,3,1
128,104,336,2,0,0,0,0,1,3,0,0,2,0.3,1,3,1
129,106,0,2,1,90,0,0,0,90,48,10,2,3,0,2,1
130,106,0.5,2,0,0,12.685,2.5405,0,90,0,0,2,3,0,2,1
131,106,4,2,0,0,82.308,4.4105,0,90,0,0,2,3,0,2,1
132,106,24,2,0,0,195.77,5.2769,0,90,0,0,2,3,0,2,1
133,106,48,2,0,0,245.8,5.5045,0,90,0,0,2,3,0,2,1
134,106,144,2,0,0,270.09,5.5987,0,90,0,0,2,3,0,2,1
135,106,240,2,0,0,617.9,6.4263,0,90,0,0,2,3,0,2,1
136,106,336,2,0,0,499.16,6.2129,0,90,0,0,2,3,0,2,1
137,107,0,2,1,9,0,0,0,9,48,10,2,0.3,0,3,1
138,107,0.5,2,0,0,21.466,3.0665,0,9,0,0,2,0.3,0,3,1
139,107,4,2,0,0,199.1,5.2938,0,9,0,0,2,0.3,0,3,1
140,107,24,2,0,0,339.63,5.8279,0,9,0,0,2,0.3,0,3,1
141,107,48,2,0,0,117.33,4.765,0,9,0,0,2,0.3,0,3,1
142,107,144,2,0,0,405.5,6.0051,0,9,0,0,2,0.3,0,3,1
143,107,240,2,0,0,487.73,6.1898,0,9,0,0,2,0.3,0,3,1
144,107,336,2,0,0,654.8,6.4843,0,9,0,0,2,0.3,0,3,1
145,136,0,2,1,9,0,0,0,9,48,10,2,3,0,2,2
146,136,0.5,2,0,0,1.0389,0.038189,0,9,0,0,2,3,0,2,2
147,136,4,2,0,0,3.1262,1.1398,0,9,0,0,2,3,0,2,2
148,136,24,2,0,0,5.0899,1.6273,0,9,0,0,2,3,0,2,2
149,136,48,2,0,0,2.5222,0.92514,0,9,0,0,2,3,0,2,2
150,136,144,2,0,0,2.801,1.03,0,9,0,0,2,3,0,2,2
151,136,240,2,0,0,3.6686,1.2998,0,9,0,0,2,3,0,2,2
152,136,336,2,0,0,3.119,1.1375,0,9,0,0,2,3,0,2,2
153,137,0,2,1,0.9,0,0,0,0.9,48,10,2,0.3,0,3,2
154,137,0.5,2,0,0,0.46734,-0.76071,0,0.9,0,0,2,0.3,0,3,2
155,137,4,2,0,0,1.7014,0.53145,0,0.9,0,0,2,0.3,0,3,2
156,137,24,2,0,0,2.2237,0.79916,0,0.9,0,0,2,0.3,0,3,2
157,137,48,2,0,0,0.88234,-0.12518,0,0.9,0,0,2,0.3,0,3,2
158,137,144,2,0,0,0.86828,-0.14124,0,0.9,0,0,2,0.3,0,3,2
159,137,240,2,0,0,0.54744,-0.60251,0,0.9,0,0,2,0.3,0,3,2
160,137,336,2,0,0,0.4697,-0.75566,0,0.9,0,0,2,0.3,0,3,2
161,139,0,2,1,30,0,0,0,30,48,10,2,3,0,2,2
162,139,0.5,2,0,0,0.88871,-0.11798,0,30,0,0,2,3,0,2,2
163,139,4,2,0,0,4.1867,1.4319,0,30,0,0,2,3,0,2,2
164,139,24,2,0,0,10.732,2.3732,0,30,0,0,2,3,0,2,2
165,139,48,2,0,0,5.1426,1.6376,0,30,0,0,2,3,0,2,2
166,139,144,2,0,0,10.617,2.3624,0,30,0,0,2,3,0,2,2
167,139,240,2,0,0,12.344,2.5132,0,30,0,0,2,3,0,2,2
168,139,336,2,0,0,11.61,2.4519,0,30,0,0,2,3,0,2,2
169,140,0,2,1,3,0,0,0,3,48,10,2,0.3,0,3,2
170,140,0.5,2,0,0,2.1682,0.77392,0,3,0,0,2,0.3,0,3,2
171,140,4,2,0,0,5.2854,1.665,0,3,0,0,2,0.3,0,3,2
172,140,24,2,0,0,4.2424,1.4451,0,3,0,0,2,0.3,0,3,2
173,140,48,2,0,0,0.15763,-1.8475,0,3,0,0,2,0.3,0,3,2
174,140,144,2,0,0,1.2729,0.24128,0,3,0,0,2,0.3,0,3,2
175,140,240,2,0,0,1.8552,0.61797,0,3,0,0,2,0.3,0,3,2
176,140,336,2,0,0,0.8867,-0.12025,0,3,0,0,2,0.3,0,3,2
177,142,0,2,1,90,0,0,0,90,48,10,2,3,0,2,2
178,142,0.5,2,0,0,5.0094,1.6113,0,90,0,0,2,3,0,2,2
179,142,4,2,0,0,29.41,3.3813,0,90,0,0,2,3,0,2,2
180,142,24,2,0,0,13.139,2.5756,0,90,0,0,2,3,0,2,2
181,142,48,2,0,0,8.3621,2.1237,0,90,0,0,2,3,0,2,2
182,142,144,2,0,0,10.199,2.3223,0,90,0,0,2,3,0,2,2
183,142,240,2,0,0,9.8237,2.2848,0,90,0,0,2,3,0,2,2
184,142,336,2,0,0,6.6475,1.8942,0,90,0,0,2,3,0,2,2
185,143,0,2,1,9,0,0,0,9,48,10,2,0.3,0,3,2
186,143,0.5,2,0,0,6.2303,1.8294,0,9,0,0,2,0.3,0,3,2
187,143,4,2,0,0,13.206,2.5807,0,9,0,0,2,0.3,0,3,2
188,143,24,2,0,0,19.849,2.9881,0,9,0,0,2,0.3,0,3,2
189,143,48,2,0,0,6.3869,1.8543,0,9,0,0,2,0.3,0,3,2
190,143,144,2,0,0,19.073,2.9483,0,9,0,0,2,0.3,0,3,2
191,143,240,2,0,0,19.166,2.9531,0,9,0,0,2,0.3,0,3,2
192,143,336,2,0,0,17.917,2.8857,0,9,0,0,2,0.3,0,3,2
193,172,0,2,1,9,0,0,0,9,48,10,2,3,0,2,1
194,172,0.5,2,0,0,1.5637,0.44702,0,9,0,0,2,3,0,2,1
195,172,4,2,0,0,11.322,2.4268,0,9,0,0,2,3,0,2,1
196,172,24,2,0,0,23.555,3.1593,0,9,0,0,2,3,0,2,1
197,172,48,2,0,0,12.725,2.5436,0,9,0,0,2,3,0,2,1
198,172,144,2,0,0,20.42,3.0165,0,9,0,0,2,3,0,2,1
199,172,240,2,0,0,29.789,3.3941,0,9,0,0,2,3,0,2,1
200,172,336,2,0,0,20.61,3.0258,0,9,0,0,2,3,0,2,1
201,173,0,2,1,0.9,0,0,0,0.9,48,10,2,0.3,0,3,1
202,173,0.5,2,0,0,2.0124,0.69934,0,0.9,0,0,2,0.3,0,3,1
203,173,4,2,0,0,10.366,2.3386,0,0.9,0,0,2,0.3,0,3,1
204,173,24,2,0,0,27.458,3.3126,0,0.9,0,0,2,0.3,0,3,1
205,173,48,2,0,0,26.556,3.2792,0,0.9,0,0,2,0.3,0,3,1
206,173,144,2,0,0,41.445,3.7244,0,0.9,0,0,2,0.3,0,3,1
207,173,240,2,0,0,60.959,4.1102,0,0.9,0,0,2,0.3,0,3,1
208,173,336,2,0,0,52.202,3.9551,0,0.9,0,0,2,0.3,0,3,1
209,175,0,2,1,30,0,0,0,30,48,10,2,3,0,2,1
210,175,0.5,2,0,0,20.999,3.0445,0,30,0,0,2,3,0,2,1
211,175,4,2,0,0,114.61,4.7415,0,30,0,0,2,3,0,2,1
212,175,24,2,0,0,91.454,4.5158,0,30,0,0,2,3,0,2,1
213,175,48,2,0,0,103.11,4.6358,0,30,0,0,2,3,0,2,1
214,175,144,2,0,0,162.72,5.092,0,30,0,0,2,3,0,2,1
215,175,240,2,0,0,313.57,5.748,0,30,0,0,2,3,0,2,1
216,175,336,2,0,0,285.7,5.6549,0,30,0,0,2,3,0,2,1
217,176,0,2,1,3,0,0,0,3,48,10,2,0.3,1,3,1
218,176,0.5,2,0,0,10.362,2.3381,0,3,0,0,2,0.3,1,3,1
219,176,4,2,0,0,46.238,3.8338,0,3,0,0,2,0.3,1,3,1
220,176,24,2,0,0,116.03,4.7539,0,3,0,0,2,0.3,1,3,1
221,176,48,2,0,0,87.976,4.4771,0,3,0,0,2,0.3,1,3,1
222,176,144,2,0,0,0.4639,-0.76808,0,3,0,0,2,0.3,1,3,1
223,176,240,2,0,0,0.050934,-2.9772,0,3,0,0,2,0.3,1,3,1
224,176,336,2,0,0,0,0,1,3,0,0,2,0.3,1,3,1
225,178,0,2,1,90,0,0,0,90,48,10,2,3,0,2,1
226,178,0.5,2,0,0,46.192,3.8328,0,90,0,0,2,3,0,2,1
227,178,4,2,0,0,145.66,4.9813,0,90,0,0,2,3,0,2,1
228,178,24,2,0,0,180.06,5.1933,0,90,0,0,2,3,0,2,1
229,178,48,2,0,0,263.41,5.5737,0,90,0,0,2,3,0,2,1
230,178,144,2,0,0,446.89,6.1023,0,90,0,0,2,3,0,2,1
231,178,240,2,0,0,503.52,6.2216,0,90,0,0,2,3,0,2,1
232,178,336,2,0,0,619,6.4281,0,90,0,0,2,3,0,2,1
233,179,0,2,1,9,0,0,0,9,48,10,2,0.3,1,3,1
234,179,0.5,2,0,0,16.314,2.792,0,9,0,0,2,0.3,1,3,1
235,179,4,2,0,0,131.61,4.8798,0,9,0,0,2,0.3,1,3,1
236,179,24,2,0,0,207.81,5.3366,0,9,0,0,2,0.3,1,3,1
237,179,48,2,0,0,160.37,5.0775,0,9,0,0,2,0.3,1,3,1
238,179,144,2,0,0,1.1154,0.10924,0,9,0,0,2,0.3,1,3,1
239,179,240,2,0,0,0.21142,-1.5539,0,9,0,0,2,0.3,1,3,1
240,179,336,2,0,0,0,0,1,9,0,0,2,0.3,1,3,1
241,208,0,2,1,9,0,0,0,9,48,10,2,3,0,2,2
242,208,0.5,2,0,0,0.87662,-0.13168,0,9,0,0,2,3,0,2,2
243,208,4,2,0,0,1.2208,0.19949,0,9,0,0,2,3,0,2,2
244,208,24,2,0,0,1.6473,0.49912,0,9,0,0,2,3,0,2,2
245,208,48,2,0,0,0.71395,-0.33695,0,9,0,0,2,3,0,2,2
246,208,144,2,0,0,0.87455,-0.13405,0,9,0,0,2,3,0,2,2
247,208,240,2,0,0,1.6458,0.49823,0,9,0,0,2,3,0,2,2
248,208,336,2,0,0,1.5405,0.43213,0,9,0,0,2,3,0,2,2
249,209,0,2,1,0.9,0,0,0,0.9,48,10,2,0.3,0,3,2
250,209,0.5,2,0,0,0.63606,-0.45247,0,0.9,0,0,2,0.3,0,3,2
251,209,4,2,0,0,2.1174,0.7502,0,0.9,0,0,2,0.3,0,3,2
252,209,24,2,0,0,2.1955,0.7864,0,0.9,0,0,2,0.3,0,3,2
253,209,48,2,0,0,0.28645,-1.2502,0,0.9,0,0,2,0.3,0,3,2
254,209,144,2,0,0,0.61096,-0.49273,0,0.9,0,0,2,0.3,0,3,2
255,209,240,2,0,0,0.46498,-0.76576,0,0.9,0,0,2,0.3,0,3,2
256,209,336,2,0,0,0.36847,-0.99839,0,0.9,0,0,2,0.3,0,3,2
257,211,0,2,1,30,0,0,0,30,48,10,2,3,0,2,2
258,211,0.5,2,0,0,2.4987,0.91576,0,30,0,0,2,3,0,2,2
259,211,4,2,0,0,11.075,2.4047,0,30,0,0,2,3,0,2,2
260,211,24,2,0,0,13.382,2.5939,0,30,0,0,2,3,0,2,2
261,211,48,2,0,0,4.7418,1.5564,0,30,0,0,2,3,0,2,2
262,211,144,2,0,0,2.4223,0.88471,0,30,0,0,2,3,0,2,2
263,211,240,2,0,0,4.8326,1.5754,0,30,0,0,2,3,0,2,2
264,211,336,2,0,0,3.8989,1.3607,0,30,0,0,2,3,0,2,2
265,212,0,2,1,3,0,0,0,3,48,10,2,0.3,0,3,2
266,212,0.5,2,0,0,1.4901,0.39882,0,3,0,0,2,0.3,0,3,2
267,212,4,2,0,0,5.6662,1.7345,0,3,0,0,2,0.3,0,3,2
268,212,24,2,0,0,4.072,1.4041,0,3,0,0,2,0.3,0,3,2
269,212,48,2,0,0,2.186,0.78205,0,3,0,0,2,0.3,0,3,2
270,212,144,2,0,0,1.5713,0.45188,0,3,0,0,2,0.3,0,3,2
271,212,240,2,0,0,1.5484,0.4372,0,3,0,0,2,0.3,0,3,2
272,212,336,2,0,0,2.0938,0.73897,0,3,0,0,2,0.3,0,3,2
273,214,0,2,1,90,0,0,0,90,48,10,2,3,0,2,2
274,214,0.5,2,0,0,22.506,3.1138,0,90,0,0,2,3,0,2,2
275,214,4,2,0,0,66.34,4.1948,0,90,0,0,2,3,0,2,2
276,214,24,2,0,0,24.28,3.1896,0,90,0,0,2,3,0,2,2
277,214,48,2,0,0,15.526,2.7425,0,90,0,0,2,3,0,2,2
278,214,144,2,0,0,10.15,2.3174,0,90,0,0,2,3,0,2,2
279,214,240,2,0,0,19.699,2.9805,0,90,0,0,2,3,0,2,2
280,214,336,2,0,0,23.297,3.1483,0,90,0,0,2,3,0,2,2
281,215,0,2,1,9,0,0,0,9,48,10,2,0.3,0,3,2
282,215,0.5,2,0,0,15.254,2.7248,0,9,0,0,2,0.3,0,3,2
283,215,4,2,0,0,14.614,2.682,0,9,0,0,2,0.3,0,3,2
284,215,24,2,0,0,8.8031,2.1751,0,9,0,0,2,0.3,0,3,2
285,215,48,2,0,0,1.5933,0.46579,0,9,0,0,2,0.3,0,3,2
286,215,144,2,0,0,1.2807,0.24742,0,9,0,0,2,0.3,0,3,2
287,215,240,2,0,0,2.2018,0.7893,0,9,0,0,2,0.3,0,3,2
288,215,336,2,0,0,2.5593,0.93973,0,9,0,0,2,0.3,0,3,2
289,244,0,2,1,9,0,0,0,9,48,10,2,3,1,2,1
290,244,0.5,2,0,0,2.0926,0.73843,0,9,0,0,2,3,1,2,1
291,244,4,2,0,0,16.384,2.7963,0,9,0,0,2,3,1,2,1
292,244,24,2,0,0,11.336,2.428,0,9,0,0,2,3,1,2,1
293,244,48,2,0,0,0,0,1,9,0,0,2,3,1,2,1
294,244,144,2,0,0,0,0,1,9,0,0,2,3,1,2,1
295,244,240,2,0,0,0,0,1,9,0,0,2,3,1,2,1
296,244,336,2,0,0,0,0,1,9,0,0,2,3,1,2,1
297,245,0,2,1,0.9,0,0,0,0.9,48,10,2,0.3,1,3,1
298,245,0.5,2,0,0,2.2492,0.81059,0,0.9,0,0,2,0.3,1,3,1
299,245,4,2,0,0,10.13,2.3155,0,0.9,0,0,2,0.3,1,3,1
300,245,24,2,0,0,37.312,3.6193,0,0.9,0,0,2,0.3,1,3,1
301,245,48,2,0,0,18.665,2.9267,0,0.9,0,0,2,0.3,1,3,1
302,245,144,2,0,0,0.22184,-1.5058,0,0.9,0,0,2,0.3,1,3,1
303,245,240,2,0,0,0,0,1,0.9,0,0,2,0.3,1,3,1
304,245,336,2,0,0,0,0,1,0.9,0,0,2,0.3,1,3,1
305,247,0,2,1,30,0,0,0,30,48,10,2,3,0,2,1
306,247,0.5,2,0,0,11.92,2.4783,0,30,0,0,2,3,0,2,1
307,247,4,2,0,0,39.598,3.6788,0,30,0,0,2,3,0,2,1
308,247,24,2,0,0,151.05,5.0176,0,30,0,0,2,3,0,2,1
309,247,48,2,0,0,39.037,3.6645,0,30,0,0,2,3,0,2,1
310,247,144,2,0,0,107.91,4.6813,0,30,0,0,2,3,0,2,1
311,247,240,2,0,0,291.5,5.675,0,30,0,0,2,3,0,2,1
312,247,336,2,0,0,223.46,5.4092,0,30,0,0,2,3,0,2,1
313,248,0,2,1,3,0,0,0,3,48,10,2,0.3,0,3,1
314,248,0.5,2,0,0,5.791,1.7563,0,3,0,0,2,0.3,0,3,1
315,248,4,2,0,0,40.17,3.6931,0,3,0,0,2,0.3,0,3,1
316,248,24,2,0,0,139.31,4.9367,0,3,0,0,2,0.3,0,3,1
317,248,48,2,0,0,132.28,4.8849,0,3,0,0,2,0.3,0,3,1
318,248,144,2,0,0,127.16,4.8455,0,3,0,0,2,0.3,0,3,1
319,248,240,2,0,0,159.44,5.0716,0,3,0,0,2,0.3,0,3,1
320,248,336,2,0,0,171.74,5.146,0,3,0,0,2,0.3,0,3,1
321,250,0,2,1,90,0,0,0,90,48,10,2,3,0,2,1
322,250,0.5,2,0,0,28.838,3.3617,0,90,0,0,2,3,0,2,1
323,250,4,2,0,0,260,5.5607,0,90,0,0,2,3,0,2,1
324,250,24,2,0,0,263.71,5.5748,0,90,0,0,2,3,0,2,1
325,250,48,2,0,0,264.68,5.5785,0,90,0,0,2,3,0,2,1
326,250,144,2,0,0,428.81,6.061,0,90,0,0,2,3,0,2,1
327,250,240,2,0,0,668.38,6.5049,0,90,0,0,2,3,0,2,1
328,250,336,2,0,0,413.02,6.0235,0,90,0,0,2,3,0,2,1
329,251,0,2,1,9,0,0,0,9,48,10,2,0.3,1,3,1
330,251,0.5,2,0,0,35.216,3.5615,0,9,0,0,2,0.3,1,3,1
331,251,4,2,0,0,192.1,5.258,0,9,0,0,2,0.3,1,3,1
332,251,24,2,0,0,264.39,5.5774,0,9,0,0,2,0.3,1,3,1
333,251,48,2,0,0,234.96,5.4594,0,9,0,0,2,0.3,1,3,1
334,251,144,2,0,0,2.1054,0.74451,0,9,0,0,2,0.3,1,3,1
335,251,240,2,0,0,0.13695,-1.9881,0,9,0,0,2,0.3,1,3,1
336,251,336,2,0,0,0,0,1,9,0,0,2,0.3,1,3,1
337,280,0,2,1,9,0,0,0,9,48,10,2,3,0,2,2
338,280,0.5,2,0,0,0.67373,-0.39493,0,9,0,0,2,3,0,2,2
339,280,4,2,0,0,2.1651,0.77247,0,9,0,0,2,3,0,2,2
340,280,24,2,0,0,2.5685,0.9433,0,9,0,0,2,3,0,2,2
341,280,48,2,0,0,1.0767,0.073892,0,9,0,0,2,3,0,2,2
342,280,144,2,0,0,0.90937,-0.095003,0,9,0,0,2,3,0,2,2
343,280,240,2,0,0,0.96558,-0.03503,0,9,0,0,2,3,0,2,2
344,280,336,2,0,0,1.5719,0.45228,0,9,0,0,2,3,0,2,2
345,281,0,2,1,0.9,0,0,0,0.9,48,10,2,0.3,0,3,2
346,281,0.5,2,0,0,0.5306,-0.63375,0,0.9,0,0,2,0.3,0,3,2
347,281,4,2,0,0,1.8203,0.59903,0,0.9,0,0,2,0.3,0,3,2
348,281,24,2,0,0,1.1718,0.15856,0,0.9,0,0,2,0.3,0,3,2
349,281,48,2,0,0,0.6054,-0.50187,0,0.9,0,0,2,0.3,0,3,2
350,281,144,2,0,0,0.90142,-0.10379,0,0.9,0,0,2,0.3,0,3,2
351,281,240,2,0,0,0.763,-0.27049,0,0.9,0,0,2,0.3,0,3,2
352,281,336,2,0,0,0.24268,-1.416,0,0.9,0,0,2,0.3,0,3,2
353,283,0,2,1,30,0,0,0,30,48,10,2,3,0,2,2
354,283,0.5,2,0,0,1.1928,0.17632,0,30,0,0,2,3,0,2,2
355,283,4,2,0,0,3.0593,1.1182,0,30,0,0,2,3,0,2,2
356,283,24,2,0,0,5.6806,1.7371,0,30,0,0,2,3,0,2,2
357,283,48,2,0,0,3.2313,1.1729,0,30,0,0,2,3,0,2,2
358,283,144,2,0,0,5.0942,1.6281,0,30,0,0,2,3,0,2,2
359,283,240,2,0,0,5.2979,1.6673,0,30,0,0,2,3,0,2,2
360,283,336,2,0,0,3.2506,1.1788,0,30,0,0,2,3,0,2,2
361,284,0,2,1,3,0,0,0,3,48,10,2,0.3,0,3,2
362,284,0.5,2,0,0,1.8432,0.6115,0,3,0,0,2,0.3,0,3,2
363,284,4,2,0,0,3.3809,1.2181,0,3,0,0,2,0.3,0,3,2
364,284,24,2,0,0,5.5897,1.7209,0,3,0,0,2,0.3,0,3,2
365,284,48,2,0,0,3.0291,1.1083,0,3,0,0,2,0.3,0,3,2
366,284,144,2,0,0,5.0916,1.6276,0,3,0,0,2,0.3,0,3,2
367,284,240,2,0,0,3.3021,1.1946,0,3,0,0,2,0.3,0,3,2
368,284,336,2,0,0,5.0361,1.6166,0,3,0,0,2,0.3,0,3,2
369,286,0,2,1,90,0,0,0,90,48,10,2,3,0,2,2
370,286,0.5,2,0,0,12.849,2.5533,0,90,0,0,2,3,0,2,2
371,286,4,2,0,0,37.296,3.6189,0,90,0,0,2,3,0,2,2
372,286,24,2,0,0,29.392,3.3807,0,90,0,0,2,3,0,2,2
373,286,48,2,0,0,23.371,3.1515,0,90,0,0,2,3,0,2,2
374,286,144,2,0,0,26.052,3.2601,0,90,0,0,2,3,0,2,2
375,286,240,2,0,0,19.61,2.9761,0,90,0,0,2,3,0,2,2
376,286,336,2,0,0,26.35,3.2715,0,90,0,0,2,3,0,2,2
377,287,0,2,1,9,0,0,0,9,48,10,2,0.3,0,3,2
378,287,0.5,2,0,0,5.1738,1.6436,0,9,0,0,2,0.3,0,3,2
379,287,4,2,0,0,12.443,2.5212,0,9,0,0,2,0.3,0,3,2
380,287,24,2,0,0,14.155,2.6501,0,9,0,0,2,0.3,0,3,2
381,287,48,2,0,0,7.4217,2.0044,0,9,0,0,2,0.3,0,3,2
382,287,144,2,0,0,12.723,2.5434,0,9,0,0,2,0.3,0,3,2
383,287,240,2,0,0,12.055,2.4895,0,9,0,0,2,0.3,0,3,2
384,287,336,2,0,0,6.2934,1.8395,0,9,0,0,2,0.3,0,3,2
385,316,0,2,1,9,0,0,0,9,48,10,2,3,0,2,1
386,316,0.5,2,0,0,2.005,0.69562,0,9,0,0,2,3,0,2,1
387,316,4,2,0,0,9.1205,2.2105,0,9,0,0,2,3,0,2,1
388,316,24,2,0,0,21.738,3.079,0,9,0,0,2,3,0,2,1
389,316,48,2,0,0,8.2123,2.1056,0,9,0,0,2,3,0,2,1
390,316,144,2,0,0,13.215,2.5813,0,9,0,0,2,3,0,2,1
391,316,240,2,0,0,26.955,3.2942,0,9,0,0,2,3,0,2,1
392,316,336,2,0,0,18.209,2.9019,0,9,0,0,2,3,0,2,1
393,317,0,2,1,0.9,0,0,0,0.9,48,10,2,0.3,1,3,1
394,317,0.5,2,0,0,1.4983,0.40431,0,0.9,0,0,2,0.3,1,3,1
395,317,4,2,0,0,10.195,2.3219,0,0.9,0,0,2,0.3,1,3,1
396,317,24,2,0,0,31.032,3.435,0,0.9,0,0,2,0.3,1,3,1
397,317,48,2,0,0,19.621,2.9766,0,0.9,0,0,2,0.3,1,3,1
398,317,144,2,0,0,0.33952,-1.0802,0,0.9,0,0,2,0.3,1,3,1
399,317,240,2,0,0,0,0,1,0.9,0,0,2,0.3,1,3,1
400,317,336,2,0,0,0,0,1,0.9,0,0,2,0.3,1,3,1
401,319,0,2,1,30,0,0,0,30,48,10,2,3,1,2,1
402,319,0.5,2,0,0,14.218,2.6545,0,30,0,0,2,3,1,2,1
403,319,4,2,0,0,67.255,4.2085,0,30,0,0,2,3,1,2,1
404,319,24,2,0,0,124.67,4.8257,0,30,0,0,2,3,1,2,1
405,319,48,2,0,0,111.39,4.713,0,30,0,0,2,3,1,2,1
406,319,144,2,0,0,0.083847,-2.4788,0,30,0,0,2,3,1,2,1
407,319,240,2,0,0,0,0,1,30,0,0,2,3,1,2,1
408,319,336,2,0,0,0,0,1,30,0,0,2,3,1,2,1
409,320,0,2,1,3,0,0,0,3,48,10,2,0.3,0,3,1
410,320,0.5,2,0,0,14.814,2.6956,0,3,0,0,2,0.3,0,3,1
411,320,4,2,0,0,66.34,4.1948,0,3,0,0,2,0.3,0,3,1
412,320,24,2,0,0,57.928,4.0592,0,3,0,0,2,0.3,0,3,1
413,320,48,2,0,0,85.688,4.4507,0,3,0,0,2,0.3,0,3,1
414,320,144,2,0,0,114.05,4.7367,0,3,0,0,2,0.3,0,3,1
415,320,240,2,0,0,177.53,5.1791,0,3,0,0,2,0.3,0,3,1
416,320,336,2,0,0,138.77,4.9328,0,3,0,0,2,0.3,0,3,1
417,322,0,2,1,90,0,0,0,90,48,10,2,3,0,2,1
418,322,0.5,2,0,0,16.921,2.8286,0,90,0,0,2,3,0,2,1
419,322,4,2,0,0,231.39,5.4441,0,90,0,0,2,3,0,2,1
420,322,24,2,0,0,211.44,5.3539,0,90,0,0,2,3,0,2,1
421,322,48,2,0,0,287.37,5.6608,0,90,0,0,2,3,0,2,1
422,322,144,2,0,0,285.26,5.6534,0,90,0,0,2,3,0,2,1
423,322,240,2,0,0,892.98,6.7946,0,90,0,0,2,3,0,2,1
424,322,336,2,0,0,696.24,6.5457,0,90,0,0,2,3,0,2,1
425,323,0,2,1,9,0,0,0,9,48,10,2,0.3,1,3,1
426,323,0.5,2,0,0,24.789,3.2104,0,9,0,0,2,0.3,1,3,1
427,323,4,2,0,0,124.32,4.8228,0,9,0,0,2,0.3,1,3,1
428,323,24,2,0,0,249.43,5.5192,0,9,0,0,2,0.3,1,3,1
429,323,48,2,0,0,186.46,5.2282,0,9,0,0,2,0.3,1,3,1
430,323,144,2,0,0,1.4996,0.40522,0,9,0,0,2,0.3,1,3,1
431,323,240,2,0,0,0.17568,-1.7391,0,9,0,0,2,0.3,1,3,1
432,323,336,2,0,0,0,0,1,9,0,0,2,0.3,1,3,1
433,352,0,2,1,9,0,0,0,9,48,10,2,3,0,2,2
434,352,0.5,2,0,0,1.0028,0.0027609,0,9,0,0,2,3,0,2,2
435,352,4,2,0,0,2.5621,0.94082,0,9,0,0,2,3,0,2,2
436,352,24,2,0,0,2.1715,0.77541,0,9,0,0,2,3,0,2,2
437,352,48,2,0,0,1.0458,0.044776,0,9,0,0,2,3,0,2,2
438,352,144,2,0,0,0.96349,-0.03719,0,9,0,0,2,3,0,2,2
439,352,240,2,0,0,1.4623,0.37998,0,9,0,0,2,3,0,2,2
440,352,336,2,0,0,1.5642,0.44736,0,9,0,0,2,3,0,2,2
441,353,0,2,1,0.9,0,0,0,0.9,48,10,2,0.3,0,3,2
442,353,0.5,2,0,0,1.0367,0.036017,0,0.9,0,0,2,0.3,0,3,2
443,353,4,2,0,0,1.1488,0.13873,0,0.9,0,0,2,0.3,0,3,2
444,353,24,2,0,0,1.844,0.61194,0,0.9,0,0,2,0.3,0,3,2
445,353,48,2,0,0,0.27866,-1.2778,0,0.9,0,0,2,0.3,0,3,2
446,353,144,2,0,0,0.37113,-0.9912,0,0.9,0,0,2,0.3,0,3,2
447,353,240,2,0,0,0.577,-0.54992,0,0.9,0,0,2,0.3,0,3,2
448,353,336,2,0,0,0.62111,-0.47624,0,0.9,0,0,2,0.3,0,3,2
449,355,0,2,1,30,0,0,0,30,48,10,2,3,0,2,2
450,355,0.5,2,0,0,2.7099,0.99691,0,30,0,0,2,3,0,2,2
451,355,4,2,0,0,4.455,1.494,0,30,0,0,2,3,0,2,2
452,355,24,2,0,0,4.1702,1.428,0,30,0,0,2,3,0,2,2
453,355,48,2,0,0,1.7399,0.55384,0,30,0,0,2,3,0,2,2
454,355,144,2,0,0,2.4569,0.89889,0,30,0,0,2,3,0,2,2
455,355,240,2,0,0,2.5602,0.94008,0,30,0,0,2,3,0,2,2
456,355,336,2,0,0,1.5371,0.4299,0,30,0,0,2,3,0,2,2
457,356,0,2,1,3,0,0,0,3,48,10,2,0.3,0,3,2
458,356,0.5,2,0,0,1.3177,0.27591,0,3,0,0,2,0.3,0,3,2
459,356,4,2,0,0,5.23,1.6544,0,3,0,0,2,0.3,0,3,2
460,356,24,2,0,0,5.0625,1.6219,0,3,0,0,2,0.3,0,3,2
461,356,48,2,0,0,2.2052,0.79081,0,3,0,0,2,0.3,0,3,2
462,356,144,2,0,0,1.5245,0.42167,0,3,0,0,2,0.3,0,3,2
463,356,240,2,0,0,2.3146,0.83924,0,3,0,0,2,0.3,0,3,2
464,356,336,2,0,0,2.3058,0.83545,0,3,0,0,2,0.3,0,3,2
465,358,0,2,1,90,0,0,0,90,48,10,2,3,0,2,2
466,358,0.5,2,0,0,4.3315,1.4659,0,90,0,0,2,3,0,2,2
467,358,4,2,0,0,37.212,3.6166,0,90,0,0,2,3,0,2,2
468,358,24,2,0,0,30.238,3.4091,0,90,0,0,2,3,0,2,2
469,358,48,2,0,0,10.784,2.378,0,90,0,0,2,3,0,2,2
470,358,144,2,0,0,12.73,2.544,0,90,0,0,2,3,0,2,2
471,358,240,2,0,0,19.133,2.9514,0,90,0,0,2,3,0,2,2
472,358,336,2,0,0,13.054,2.5691,0,90,0,0,2,3,0,2,2
473,359,0,2,1,9,0,0,0,9,48,10,2,0.3,0,3,2
474,359,0.5,2,0,0,10.278,2.33,0,9,0,0,2,0.3,0,3,2
475,359,4,2,0,0,19.364,2.9634,0,9,0,0,2,0.3,0,3,2
476,359,24,2,0,0,37.206,3.6165,0,9,0,0,2,0.3,0,3,2
477,359,48,2,0,0,11.098,2.4068,0,9,0,0,2,0.3,0,3,2
478,359,144,2,0,0,10.741,2.374,0,9,0,0,2,0.3,0,3,2
479,359,240,2,0,0,16.207,2.7855,0,9,0,0,2,0.3,0,3,2
480,359,336,2,0,0,13.22,2.5817,0,9,0,0,2,0.3,0,3,2
481,388,0,2,1,9,0,0,0,9,48,10,2,3,0,2,1
482,388,0.5,2,0,0,1.0568,0.055259,0,9,0,0,2,3,0,2,1
483,388,4,2,0,0,8.5026,2.1404,0,9,0,0,2,3,0,2,1
484,388,24,2,0,0,31.839,3.4607,0,9,0,0,2,3,0,2,1
485,388,48,2,0,0,9.2209,2.2215,0,9,0,0,2,3,0,2,1
486,388,144,2,0,0,41.823,3.7335,0,9,0,0,2,3,0,2,1
487,388,240,2,0,0,49.569,3.9034,0,9,0,0,2,3,0,2,1
488,388,336,2,0,0,57.496,4.0517,0,9,0,0,2,3,0,2,1
489,389,0,2,1,0.9,0,0,0,0.9,48,10,2,0.3,1,3,1
490,389,0.5,2,0,0,0.64909,-0.43219,0,0.9,0,0,2,0.3,1,3,1
491,389,4,2,0,0,8.2326,2.1081,0,0.9,0,0,2,0.3,1,3,1
492,389,24,2,0,0,9.7374,2.276,0,0.9,0,0,2,0.3,1,3,1
493,389,48,2,0,0,11.878,2.4747,0,0.9,0,0,2,0.3,1,3,1
494,389,144,2,0,0,0.42051,-0.86629,0,0.9,0,0,2,0.3,1,3,1
495,389,240,2,0,0,0.065015,-2.7331,0,0.9,0,0,2,0.3,1,3,1
496,389,336,2,0,0,0,0,1,0.9,0,0,2,0.3,1,3,1
497,391,0,2,1,30,0,0,0,30,48,10,2,3,0,2,1
498,391,0.5,2,0,0,5.5908,1.7211,0,30,0,0,2,3,0,2,1
499,391,4,2,0,0,28.138,3.3371,0,30,0,0,2,3,0,2,1
500,391,24,2,0,0,100.99,4.615,0,30,0,0,2,3,0,2,1
501,391,48,2,0,0,56.843,4.0403,0,30,0,0,2,3,0,2,1
502,391,144,2,0,0,150.58,5.0145,0,30,0,0,2,3,0,2,1
503,391,240,2,0,0,37.299,3.619,0,30,0,0,2,3,0,2,1
504,391,336,2,0,0,187.7,5.2349,0,30,0,0,2,3,0,2,1
505,392,0,2,1,3,0,0,0,3,48,10,2,0.3,0,3,1
506,392,0.5,2,0,0,8.7454,2.1685,0,3,0,0,2,0.3,0,3,1
507,392,4,2,0,0,36.836,3.6065,0,3,0,0,2,0.3,0,3,1
508,392,24,2,0,0,98.387,4.5889,0,3,0,0,2,0.3,0,3,1
509,392,48,2,0,0,71.691,4.2724,0,3,0,0,2,0.3,0,3,1
510,392,144,2,0,0,110.75,4.7073,0,3,0,0,2,0.3,0,3,1
511,392,240,2,0,0,127.97,4.8518,0,3,0,0,2,0.3,0,3,1
512,392,336,2,0,0,240.09,5.481,0,3,0,0,2,0.3,0,3,1
513,394,0,2,1,90,0,0,0,90,48,10,2,3,0,2,1
514,394,0.5,2,0,0,7.6935,2.0404,0,90,0,0,2,3,0,2,1
515,394,4,2,0,0,74.547,4.3114,0,90,0,0,2,3,0,2,1
516,394,24,2,0,0,255.55,5.5434,0,90,0,0,2,3,0,2,1
517,394,48,2,0,0,265.86,5.583,0,90,0,0,2,3,0,2,1
518,394,144,2,0,0,240.69,5.4835,0,90,0,0,2,3,0,2,1
519,394,240,2,0,0,1047.5,6.9542,0,90,0,0,2,3,0,2,1
520,394,336,2,0,0,1022.6,6.9301,0,90,0,0,2,3,0,2,1
521,395,0,2,1,9,0,0,0,9,48,10,2,0.3,1,3,1
522,395,0.5,2,0,0,46.94,3.8489,0,9,0,0,2,0.3,1,3,1
523,395,4,2,0,0,156.49,5.053,0,9,0,0,2,0.3,1,3,1
524,395,24,2,0,0,441.88,6.091,0,9,0,0,2,0.3,1,3,1
525,395,48,2,0,0,227.42,5.4268,0,9,0,0,2,0.3,1,3,1
526,395,144,2,0,0,2.4571,0.89898,0,9,0,0,2,0.3,1,3,1
527,395,240,2,0,0,0.068644,-2.6788,0,9,0,0,2,0.3,1,3,1
528,395,336,2,0,0,0,0,1,9,0,0,2,0.3,1,3,1
529,424,0,2,1,9,0,0,0,9,48,10,2,3,0,2,2
530,424,0.5,2,0,0,1.16,0.1484,0,9,0,0,2,3,0,2,2
531,424,4,2,0,0,0.53322,-0.62882,0,9,0,0,2,3,0,2,2
532,424,24,2,0,0,1.5649,0.44783,0,9,0,0,2,3,0,2,2
533,424,48,2,0,0,1.8698,0.62585,0,9,0,0,2,3,0,2,2
534,424,144,2,0,0,3.861,1.3509,0,9,0,0,2,3,0,2,2
535,424,240,2,0,0,3.0913,1.1286,0,9,0,0,2,3,0,2,2
536,424,336,2,0,0,2.3867,0.86989,0,9,0,0,2,3,0,2,2
537,425,0,2,1,0.9,0,0,0,0.9,48,10,2,0.3,0,3,2
538,425,0.5,2,0,0,0.70274,-0.35277,0,0.9,0,0,2,0.3,0,3,2
539,425,4,2,0,0,1.9547,0.67024,0,0.9,0,0,2,0.3,0,3,2
540,425,24,2,0,0,1.7225,0.54377,0,0.9,0,0,2,0.3,0,3,2
541,425,48,2,0,0,0.66222,-0.41216,0,0.9,0,0,2,0.3,0,3,2
542,425,144,2,0,0,0.71514,-0.33528,0,0.9,0,0,2,0.3,0,3,2
543,425,240,2,0,0,0.49151,-0.71027,0,0.9,0,0,2,0.3,0,3,2
544,425,336,2,0,0,0.67774,-0.389,0,0.9,0,0,2,0.3,0,3,2
545,427,0,2,1,30,0,0,0,30,48,10,2,3,0,2,2
546,427,0.5,2,0,0,1.4604,0.37871,0,30,0,0,2,3,0,2,2
547,427,4,2,0,0,8.6735,2.1603,0,30,0,0,2,3,0,2,2
548,427,24,2,0,0,12.143,2.4968,0,30,0,0,2,3,0,2,2
549,427,48,2,0,0,7.69,2.0399,0,30,0,0,2,3,0,2,2
550,427,144,2,0,0,14.309,2.6609,0,30,0,0,2,3,0,2,2
551,427,240,2,0,0,13.764,2.622,0,30,0,0,2,3,0,2,2
552,427,336,2,0,0,9.5561,2.2572,0,30,0,0,2,3,0,2,2
553,428,0,2,1,3,0,0,0,3,48,10,2,0.3,0,3,2
554,428,0.5,2,0,0,1.1744,0.16076,0,3,0,0,2,0.3,0,3,2
555,428,4,2,0,0,2.4886,0.91171,0,3,0,0,2,0.3,0,3,2
556,428,24,2,0,0,4.7336,1.5547,0,3,0,0,2,0.3,0,3,2
557,428,48,2,0,0,5.1509,1.6392,0,3,0,0,2,0.3,0,3,2
558,428,144,2,0,0,5.4404,1.6939,0,3,0,0,2,0.3,0,3,2
559,428,240,2,0,0,2.9644,1.0867,0,3,0,0,2,0.3,0,3,2
560,428,336,2,0,0,6.4462,1.8635,0,3,0,0,2,0.3,0,3,2
561,430,0,2,1,90,0,0,0,90,48,10,2,3,0,2,2
562,430,0.5,2,0,0,8.2987,2.1161,0,90,0,0,2,3,0,2,2
563,430,4,2,0,0,29.06,3.3694,0,90,0,0,2,3,0,2,2
564,430,24,2,0,0,31.54,3.4513,0,90,0,0,2,3,0,2,2
565,430,48,2,0,0,16.672,2.8137,0,90,0,0,2,3,0,2,2
566,430,144,2,0,0,12.784,2.5482,0,90,0,0,2,3,0,2,2
567,430,240,2,0,0,18.91,2.9397,0,90,0,0,2,3,0,2,2
568,430,336,2,0,0,12.84,2.5525,0,90,0,0,2,3,0,2,2
569,431,0,2,1,9,0,0,0,9,48,10,2,0.3,0,3,2
570,431,0.5,2,0,0,9.1048,2.2088,0,9,0,0,2,0.3,0,3,2
571,431,4,2,0,0,27.23,3.3043,0,9,0,0,2,0.3,0,3,2
572,431,24,2,0,0,32.062,3.4677,0,9,0,0,2,0.3,0,3,2
573,431,48,2,0,0,8.5413,2.1449,0,9,0,0,2,0.3,0,3,2
574,431,144,2,0,0,16.687,2.8146,0,9,0,0,2,0.3,0,3,2
575,431,240,2,0,0,8.5234,2.1428,0,9,0,0,2,0.3,0,3,2
576,431,336,2,0,0,14.964,2.7056,0,9,0,0,2,0.3,0,3,2
577,460,0,2,1,9,0,0,0,9,48,10,2,3,1,2,1
578,460,0.5,2,0,0,2.3279,0.84495,0,9,0,0,2,3,1,2,1
579,460,4,2,0,0,10.458,2.3473,0,9,0,0,2,3,1,2,1
580,460,24,2,0,0,27.709,3.3218,0,9,0,0,2,3,1,2,1
581,460,48,2,0,0,7.5166,2.0171,0,9,0,0,2,3,1,2,1
582,460,144,2,0,0,0,0,1,9,0,0,2,3,1,2,1
583,460,240,2,0,0,0,0,1,9,0,0,2,3,1,2,1
584,460,336,2,0,0,0,0,1,9,0,0,2,3,1,2,1
585,461,0,2,1,0.9,0,0,0,0.9,48,10,2,0.3,1,3,1
586,461,0.5,2,0,0,3.0717,1.1222,0,0.9,0,0,2,0.3,1,3,1
587,461,4,2,0,0,18.177,2.9001,0,0.9,0,0,2,0.3,1,3,1
588,461,24,2,0,0,33.57,3.5136,0,0.9,0,0,2,0.3,1,3,1
589,461,48,2,0,0,15.572,2.7455,0,0.9,0,0,2,0.3,1,3,1
590,461,144,2,0,0,0.26667,-1.3218,0,0.9,0,0,2,0.3,1,3,1
591,461,240,2,0,0,0,0,1,0.9,0,0,2,0.3,1,3,1
592,461,336,2,0,0,0,0,1,0.9,0,0,2,0.3,1,3,1
593,463,0,2,1,30,0,0,0,30,48,10,2,3,0,2,1
594,463,0.5,2,0,0,8.9881,2.1959,0,30,0,0,2,3,0,2,1
595,463,4,2,0,0,57.375,4.0496,0,30,0,0,2,3,0,2,1
596,463,24,2,0,0,157.75,5.061,0,30,0,0,2,3,0,2,1
597,463,48,2,0,0,13.982,2.6378,0,30,0,0,2,3,0,2,1
598,463,144,2,0,0,150.02,5.0108,0,30,0,0,2,3,0,2,1
599,463,240,2,0,0,131.1,4.8759,0,30,0,0,2,3,0,2,1
600,463,336,2,0,0,199.32,5.2949,0,30,0,0,2,3,0,2,1
601,464,0,2,1,3,0,0,0,3,48,10,2,0.3,1,3,1
602,464,0.5,2,0,0,8.0903,2.0907,0,3,0,0,2,0.3,1,3,1
603,464,4,2,0,0,79.628,4.3774,0,3,0,0,2,0.3,1,3,1
604,464,24,2,0,0,122.04,4.8043,0,3,0,0,2,0.3,1,3,1
605,464,48,2,0,0,53.596,3.9815,0,3,0,0,2,0.3,1,3,1
606,464,144,2,0,0,0.27265,-1.2996,0,3,0,0,2,0.3,1,3,1
607,464,240,2,0,0,0,0,1,3,0,0,2,0.3,1,3,1
608,464,336,2,0,0,0,0,1,3,0,0,2,0.3,1,3,1
609,466,0,2,1,90,0,0,0,90,48,10,2,3,0,2,1
610,466,0.5,2,0,0,15.162,2.7188,0,90,0,0,2,3,0,2,1
611,466,4,2,0,0,140.68,4.9465,0,90,0,0,2,3,0,2,1
612,466,24,2,0,0,323.96,5.7806,0,90,0,0,2,3,0,2,1
613,466,48,2,0,0,255.94,5.5449,0,90,0,0,2,3,0,2,1
614,466,144,2,0,0,692.2,6.5399,0,90,0,0,2,3,0,2,1
615,466,240,2,0,0,636.48,6.456,0,90,0,0,2,3,0,2,1
616,466,336,2,0,0,1229.7,7.1146,0,90,0,0,2,3,0,2,1
617,467,0,2,1,9,0,0,0,9,48,10,2,0.3,0,3,1
618,467,0.5,2,0,0,16.442,2.7999,0,9,0,0,2,0.3,0,3,1
619,467,4,2,0,0,191.38,5.2543,0,9,0,0,2,0.3,0,3,1
620,467,24,2,0,0,349.53,5.8566,0,9,0,0,2,0.3,0,3,1
621,467,48,2,0,0,238.85,5.4758,0,9,0,0,2,0.3,0,3,1
622,467,144,2,0,0,630.97,6.4473,0,9,0,0,2,0.3,0,3,1
623,467,240,2,0,0,545.51,6.3017,0,9,0,0,2,0.3,0,3,1
624,467,336,2,0,0,787.47,6.6688,0,9,0,0,2,0.3,0,3,1
625,496,0,2,1,9,0,0,0,9,48,10,2,3,0,2,2
626,496,0.5,2,0,0,1.24,0.21509,0,9,0,0,2,3,0,2,2
627,496,4,2,0,0,4.0534,1.3995,0,9,0,0,2,3,0,2,2
628,496,24,2,0,0,5.5096,1.7065,0,9,0,0,2,3,0,2,2
629,496,48,2,0,0,2.0551,0.72032,0,9,0,0,2,3,0,2,2
630,496,144,2,0,0,3.099,1.1311,0,9,0,0,2,3,0,2,2
631,496,240,2,0,0,2.2605,0.81558,0,9,0,0,2,3,0,2,2
632,496,336,2,0,0,2.1096,0.74649,0,9,0,0,2,3,0,2,2
633,497,0,2,1,0.9,0,0,0,0.9,48,10,2,0.3,0,3,2
634,497,0.5,2,0,0,0.92675,-0.076077,0,0.9,0,0,2,0.3,0,3,2
635,497,4,2,0,0,1.7678,0.56974,0,0.9,0,0,2,0.3,0,3,2
636,497,24,2,0,0,1.5913,0.46455,0,0.9,0,0,2,0.3,0,3,2
637,497,48,2,0,0,0.68725,-0.37505,0,0.9,0,0,2,0.3,0,3,2
638,497,144,2,0,0,0.44912,-0.80047,0,0.9,0,0,2,0.3,0,3,2
639,497,240,2,0,0,0.5397,-0.61675,0,0.9,0,0,2,0.3,0,3,2
640,497,336,2,0,0,0.47811,-0.73792,0,0.9,0,0,2,0.3,0,3,2
641,499,0,2,1,30,0,0,0,30,48,10,2,3,0,2,2
642,499,0.5,2,0,0,2.7267,1.0031,0,30,0,0,2,3,0,2,2
643,499,4,2,0,0,7.7493,2.0476,0,30,0,0,2,3,0,2,2
644,499,24,2,0,0,9.2559,2.2253,0,30,0,0,2,3,0,2,2
645,499,48,2,0,0,4.8893,1.587,0,30,0,0,2,3,0,2,2
646,499,144,2,0,0,6.9605,1.9403,0,30,0,0,2,3,0,2,2
647,499,240,2,0,0,6.4559,1.865,0,30,0,0,2,3,0,2,2
648,499,336,2,0,0,4.2999,1.4586,0,30,0,0,2,3,0,2,2
649,500,0,2,1,3,0,0,0,3,48,10,2,0.3,0,3,2
650,500,0.5,2,0,0,1.8719,0.62695,0,3,0,0,2,0.3,0,3,2
651,500,4,2,0,0,6.826,1.9207,0,3,0,0,2,0.3,0,3,2
652,500,24,2,0,0,5.6418,1.7302,0,3,0,0,2,0.3,0,3,2
653,500,48,2,0,0,2.7426,1.0089,0,3,0,0,2,0.3,0,3,2
654,500,144,2,0,0,4.333,1.4663,0,3,0,0,2,0.3,0,3,2
655,500,240,2,0,0,2.835,1.042,0,3,0,0,2,0.3,0,3,2
656,500,336,2,0,0,3.8826,1.3565,0,3,0,0,2,0.3,0,3,2
657,502,0,2,1,90,0,0,0,90,48,10,2,3,0,2,2
658,502,0.5,2,0,0,8.5732,2.1486,0,90,0,0,2,3,0,2,2
659,502,4,2,0,0,15.604,2.7475,0,90,0,0,2,3,0,2,2
660,502,24,2,0,0,11.775,2.466,0,90,0,0,2,3,0,2,2
661,502,48,2,0,0,16.009,2.7731,0,90,0,0,2,3,0,2,2
662,502,144,2,0,0,7.097,1.9597,0,90,0,0,2,3,0,2,2
663,502,240,2,0,0,28.09,3.3354,0,90,0,0,2,3,0,2,2
664,502,336,2,0,0,18.535,2.9197,0,90,0,0,2,3,0,2,2
665,503,0,2,1,9,0,0,0,9,48,10,2,0.3,0,3,2
666,503,0.5,2,0,0,6.9162,1.9339,0,9,0,0,2,0.3,0,3,2
667,503,4,2,0,0,16.828,2.823,0,9,0,0,2,0.3,0,3,2
668,503,24,2,0,0,12.243,2.505,0,9,0,0,2,0.3,0,3,2
669,503,48,2,0,0,14.324,2.6619,0,9,0,0,2,0.3,0,3,2
670,503,144,2,0,0,7.2442,1.9802,0,9,0,0,2,0.3,0,3,2
671,503,240,2,0,0,12.889,2.5564,0,9,0,0,2,0.3,0,3,2
672,503,336,2,0,0,10.036,2.3062,0,9,0,0,2,0.3,0,3,2
673,532,0,2,1,9,0,0,0,9,48,10,2,3,0,2,1
674,532,0.5,2,0,0,4.0526,1.3994,0,9,0,0,2,3,0,2,1
675,532,4,2,0,0,9.0427,2.202,0,9,0,0,2,3,0,2,1
676,532,24,2,0,0,39.959,3.6878,0,9,0,0,2,3,0,2,1
677,532,48,2,0,0,4.1384,1.4203,0,9,0,0,2,3,0,2,1
678,532,144,2,0,0,13.48,2.6012,0,9,0,0,2,3,0,2,1
679,532,240,2,0,0,16.006,2.773,0,9,0,0,2,3,0,2,1
680,532,336,2,0,0,32.394,3.478,0,9,0,0,2,3,0,2,1
681,533,0,2,1,0.9,0,0,0,0.9,48,10,2,0.3,0,3,1
682,533,0.5,2,0,0,3.9788,1.381,0,0.9,0,0,2,0.3,0,3,1
683,533,4,2,0,0,19.182,2.954,0,0.9,0,0,2,0.3,0,3,1
684,533,24,2,0,0,22.14,3.0974,0,0.9,0,0,2,0.3,0,3,1
685,533,48,2,0,0,16.022,2.774,0,0.9,0,0,2,0.3,0,3,1
686,533,144,2,0,0,46.778,3.8454,0,0.9,0,0,2,0.3,0,3,1
687,533,240,2,0,0,62.414,4.1338,0,0.9,0,0,2,0.3,0,3,1
688,533,336,2,0,0,81.06,4.3952,0,0.9,0,0,2,0.3,0,3,1
689,535,0,2,1,30,0,0,0,30,48,10,2,3,1,2,1
690,535,0.5,2,0,0,10.159,2.3183,0,30,0,0,2,3,1,2,1
691,535,4,2,0,0,96.408,4.5686,0,30,0,0,2,3,1,2,1
692,535,24,2,0,0,103.73,4.6417,0,30,0,0,2,3,1,2,1
693,535,48,2,0,0,73.195,4.2931,0,30,0,0,2,3,1,2,1
694,535,144,2,0,0,0.19231,-1.6487,0,30,0,0,2,3,1,2,1
695,535,240,2,0,0,0,0,1,30,0,0,2,3,1,2,1
696,535,336,2,0,0,0,0,1,30,0,0,2,3,1,2,1
697,536,0,2,1,3,0,0,0,3,48,10,2,0.3,0,3,1
698,536,0.5,2,0,0,8.0801,2.0894,0,3,0,0,2,0.3,0,3,1
699,536,4,2,0,0,31.571,3.4522,0,3,0,0,2,0.3,0,3,1
700,536,24,2,0,0,132.72,4.8882,0,3,0,0,2,0.3,0,3,1
701,536,48,2,0,0,87.082,4.4669,0,3,0,0,2,0.3,0,3,1
702,536,144,2,0,0,142.84,4.9618,0,3,0,0,2,0.3,0,3,1
703,536,240,2,0,0,82.478,4.4125,0,3,0,0,2,0.3,0,3,1
704,536,336,2,0,0,262.77,5.5713,0,3,0,0,2,0.3,0,3,1
705,538,0,2,1,90,0,0,0,90,48,10,2,3,1,2,1
706,538,0.5,2,0,0,30.303,3.4113,0,90,0,0,2,3,1,2,1
707,538,4,2,0,0,178.79,5.1862,0,90,0,0,2,3,1,2,1
708,538,24,2,0,0,381.95,5.9453,0,90,0,0,2,3,1,2,1
709,538,48,2,0,0,304.55,5.7188,0,90,0,0,2,3,1,2,1
710,538,144,2,0,0,1.2303,0.20723,0,90,0,0,2,3,1,2,1
711,538,240,2,0,0,0.091211,-2.3946,0,90,0,0,2,3,1,2,1
712,538,336,2,0,0,0,0,1,90,0,0,2,3,1,2,1
713,539,0,2,1,9,0,0,0,9,48,10,2,0.3,1,3,1
714,539,0.5,2,0,0,16.543,2.8059,0,9,0,0,2,0.3,1,3,1
715,539,4,2,0,0,130.26,4.8695,0,9,0,0,2,0.3,1,3,1
716,539,24,2,0,0,286.09,5.6563,0,9,0,0,2,0.3,1,3,1
717,539,48,2,0,0,267.05,5.5875,0,9,0,0,2,0.3,1,3,1
718,539,144,2,0,0,1.3684,0.31366,0,9,0,0,2,0.3,1,3,1
719,539,240,2,0,0,0.17613,-1.7365,0,9,0,0,2,0.3,1,3,1
720,539,336,2,0,0,0,0,1,9,0,0,2,0.3,1,3,1
721,568,0,2,1,9,0,0,0,9,48,10,2,3,0,2,2
722,568,0.5,2,0,0,0.52216,-0.64977,0,9,0,0,2,3,0,2,2
723,568,4,2,0,0,2.0048,0.69556,0,9,0,0,2,3,0,2,2
724,568,24,2,0,0,4.5657,1.5186,0,9,0,0,2,3,0,2,2
725,568,48,2,0,0,1.0583,0.056664,0,9,0,0,2,3,0,2,2
726,568,144,2,0,0,0.074796,-2.593,0,9,0,0,2,3,0,2,2
727,568,240,2,0,0,1.3155,0.27425,0,9,0,0,2,3,0,2,2
728,568,336,2,0,0,1.5837,0.45975,0,9,0,0,2,3,0,2,2
729,569,0,2,1,0.9,0,0,0,0.9,48,10,2,0.3,0,3,2
730,569,0.5,2,0,0,0.66966,-0.40099,0,0.9,0,0,2,0.3,0,3,2
731,569,4,2,0,0,1.4931,0.40085,0,0.9,0,0,2,0.3,0,3,2
732,569,24,2,0,0,2.4492,0.89578,0,0.9,0,0,2,0.3,0,3,2
733,569,48,2,0,0,0.66432,-0.409,0,0.9,0,0,2,0.3,0,3,2
734,569,144,2,0,0,0.71942,-0.32931,0,0.9,0,0,2,0.3,0,3,2
735,569,240,2,0,0,1.0579,0.056257,0,0.9,0,0,2,0.3,0,3,2
736,569,336,2,0,0,1.0526,0.051257,0,0.9,0,0,2,0.3,0,3,2
737,571,0,2,1,30,0,0,0,30,48,10,2,3,0,2,2
738,571,0.5,2,0,0,2.1004,0.74211,0,30,0,0,2,3,0,2,2
739,571,4,2,0,0,5.062,1.6218,0,30,0,0,2,3,0,2,2
740,571,24,2,0,0,7.9864,2.0777,0,30,0,0,2,3,0,2,2
741,571,48,2,0,0,7.1398,1.9657,0,30,0,0,2,3,0,2,2
742,571,144,2,0,0,11.538,2.4456,0,30,0,0,2,3,0,2,2
743,571,240,2,0,0,9.7008,2.2722,0,30,0,0,2,3,0,2,2
744,571,336,2,0,0,7.6534,2.0352,0,30,0,0,2,3,0,2,2
745,572,0,2,1,3,0,0,0,3,48,10,2,0.3,0,3,2
746,572,0.5,2,0,0,2.0296,0.70782,0,3,0,0,2,0.3,0,3,2
747,572,4,2,0,0,3.3494,1.2088,0,3,0,0,2,0.3,0,3,2
748,572,24,2,0,0,4.0002,1.3863,0,3,0,0,2,0.3,0,3,2
749,572,48,2,0,0,1.5177,0.41722,0,3,0,0,2,0.3,0,3,2
750,572,144,2,0,0,1.8694,0.62563,0,3,0,0,2,0.3,0,3,2
751,572,240,2,0,0,2.155,0.76781,0,3,0,0,2,0.3,0,3,2
752,572,336,2,0,0,2.0232,0.70469,0,3,0,0,2,0.3,0,3,2
753,574,0,2,1,90,0,0,0,90,48,10,2,3,0,2,2
754,574,0.5,2,0,0,7.9549,2.0738,0,90,0,0,2,3,0,2,2
755,574,4,2,0,0,33.753,3.5191,0,90,0,0,2,3,0,2,2
756,574,24,2,0,0,27.602,3.3179,0,90,0,0,2,3,0,2,2
757,574,48,2,0,0,19.846,2.988,0,90,0,0,2,3,0,2,2
758,574,144,2,0,0,12.844,2.5529,0,90,0,0,2,3,0,2,2
759,574,240,2,0,0,22.868,3.1297,0,90,0,0,2,3,0,2,2
760,574,336,2,0,0,15.296,2.7276,0,90,0,0,2,3,0,2,2
761,575,0,2,1,9,0,0,0,9,48,10,2,0.3,0,3,2
762,575,0.5,2,0,0,5.6968,1.7399,0,9,0,0,2,0.3,0,3,2
763,575,4,2,0,0,11.022,2.3999,0,9,0,0,2,0.3,0,3,2
764,575,24,2,0,0,14.789,2.6939,0,9,0,0,2,0.3,0,3,2
765,575,48,2,0,0,4.907,1.5907,0,9,0,0,2,0.3,0,3,2
766,575,144,2,0,0,4.9595,1.6013,0,9,0,0,2,0.3,0,3,2
767,575,240,2,0,0,4.0969,1.4102,0,9,0,0,2,0.3,0,3,2
768,575,336,2,0,0,2.8816,1.0583,0,9,0,0,2,0.3,0,3,2
769,604,0,2,1,9,0,0,0,9,48,10,2,3,0,2,1
770,604,0.5,2,0,0,1.981,0.68359,0,9,0,0,2,3,0,2,1
771,604,4,2,0,0,11.885,2.4753,0,9,0,0,2,3,0,2,1
772,604,24,2,0,0,18.934,2.941,0,9,0,0,2,3,0,2,1
773,604,48,2,0,0,0,0,1,9,0,0,2,3,0,2,1
774,604,144,2,0,0,0,0,1,9,0,0,2,3,0,2,1
775,604,240,2,0,0,0,0,1,9,0,0,2,3,0,2,1
776,604,336,2,0,0,0,0,1,9,0,0,2,3,0,2,1
777,605,0,2,1,0.9,0,0,0,0.9,48,10,2,0.3,1,3,1
778,605,0.5,2,0,0,1.7237,0.54449,0,0.9,0,0,2,0.3,1,3,1
779,605,4,2,0,0,9.2124,2.2205,0,0.9,0,0,2,0.3,1,3,1
780,605,24,2,0,0,16.653,2.8126,0,0.9,0,0,2,0.3,1,3,1
781,605,48,2,0,0,29.818,3.3951,0,0.9,0,0,2,0.3,1,3,1
782,605,144,2,0,0,0.37919,-0.96972,0,0.9,0,0,2,0.3,1,3,1
783,605,240,2,0,0,0,0,1,0.9,0,0,2,0.3,1,3,1
784,605,336,2,0,0,0,0,1,0.9,0,0,2,0.3,1,3,1
785,607,0,2,1,30,0,0,0,30,48,10,2,3,0,2,1
786,607,0.5,2,0,0,18.159,2.8992,0,30,0,0,2,3,0,2,1
787,607,4,2,0,0,128.08,4.8527,0,30,0,0,2,3,0,2,1
788,607,24,2,0,0,105.78,4.6614,0,30,0,0,2,3,0,2,1
789,607,48,2,0,0,134.7,4.9031,0,30,0,0,2,3,0,2,1
790,607,144,2,0,0,170.46,5.1385,0,30,0,0,2,3,0,2,1
791,607,240,2,0,0,374.44,5.9254,0,30,0,0,2,3,0,2,1
792,607,336,2,0,0,489.09,6.1925,0,30,0,0,2,3,0,2,1
793,608,0,2,1,3,0,0,0,3,48,10,2,0.3,1,3,1
794,608,0.5,2,0,0,10.106,2.3131,0,3,0,0,2,0.3,1,3,1
795,608,4,2,0,0,60.257,4.0986,0,3,0,0,2,0.3,1,3,1
796,608,24,2,0,0,64.503,4.1667,0,3,0,0,2,0.3,1,3,1
797,608,48,2,0,0,76.338,4.3352,0,3,0,0,2,0.3,1,3,1
798,608,144,2,0,0,0.49908,-0.69499,0,3,0,0,2,0.3,1,3,1
799,608,240,2,0,0,0,0,1,3,0,0,2,0.3,1,3,1
800,608,336,2,0,0,0,0,1,3,0,0,2,0.3,1,3,1
801,610,0,2,1,90,0,0,0,90,48,10,2,3,0,2,1
802,610,0.5,2,0,0,35.999,3.5835,0,90,0,0,2,3,0,2,1
803,610,4,2,0,0,261.06,5.5647,0,90,0,0,2,3,0,2,1
804,610,24,2,0,0,443,6.0936,0,90,0,0,2,3,0,2,1
805,610,48,2,0,0,405.89,6.0061,0,90,0,0,2,3,0,2,1
806,610,144,2,0,0,536.52,6.2851,0,90,0,0,2,3,0,2,1
807,610,240,2,0,0,791.16,6.6735,0,90,0,0,2,3,0,2,1
808,610,336,2,0,0,1096.6,6.9999,0,90,0,0,2,3,0,2,1
809,611,0,2,1,9,0,0,0,9,48,10,2,0.3,0,3,1
810,611,0.5,2,0,0,47.059,3.8514,0,9,0,0,2,0.3,0,3,1
811,611,4,2,0,0,285.2,5.6532,0,9,0,0,2,0.3,0,3,1
812,611,24,2,0,0,272.3,5.6069,0,9,0,0,2,0.3,0,3,1
813,611,48,2,0,0,145.2,4.9781,0,9,0,0,2,0.3,0,3,1
814,611,144,2,0,0,383.69,5.9498,0,9,0,0,2,0.3,0,3,1
815,611,240,2,0,0,449.1,6.1073,0,9,0,0,2,0.3,0,3,1
816,611,336,2,0,0,627.7,6.4421,0,9,0,0,2,0.3,0,3,1
817,640,0,2,1,9,0,0,0,9,48,10,2,3,0,2,2
818,640,0.5,2,0,0,0.93748,-0.064563,0,9,0,0,2,3,0,2,2
819,640,4,2,0,0,2.0913,0.73781,0,9,0,0,2,3,0,2,2
820,640,24,2,0,0,3.0183,1.1047,0,9,0,0,2,3,0,2,2
821,640,48,2,0,0,0.91241,-0.091664,0,9,0,0,2,3,0,2,2
822,640,144,2,0,0,0.88059,-0.12716,0,9,0,0,2,3,0,2,2
823,640,240,2,0,0,0.68103,-0.38414,0,9,0,0,2,3,0,2,2
824,640,336,2,0,0,0.75176,-0.28534,0,9,0,0,2,3,0,2,2
825,641,0,2,1,0.9,0,0,0,0.9,48,10,2,0.3,0,3,2
826,641,0.5,2,0,0,0.68838,-0.37341,0,0.9,0,0,2,0.3,0,3,2
827,641,4,2,0,0,2.2358,0.80462,0,0.9,0,0,2,0.3,0,3,2
828,641,24,2,0,0,1.9257,0.6553,0,0.9,0,0,2,0.3,0,3,2
829,641,48,2,0,0,1.1378,0.12908,0,0.9,0,0,2,0.3,0,3,2
830,641,144,2,0,0,1.7259,0.54574,0,0.9,0,0,2,0.3,0,3,2
831,641,240,2,0,0,2.0056,0.69594,0,0.9,0,0,2,0.3,0,3,2
832,641,336,2,0,0,2.868,1.0536,0,0.9,0,0,2,0.3,0,3,2
833,643,0,2,1,30,0,0,0,30,48,10,2,3,0,2,2
834,643,0.5,2,0,0,2.2961,0.8312,0,30,0,0,2,3,0,2,2
835,643,4,2,0,0,10.401,2.3419,0,30,0,0,2,3,0,2,2
836,643,24,2,0,0,7.4016,2.0017,0,30,0,0,2,3,0,2,2
837,643,48,2,0,0,3.6207,1.2867,0,30,0,0,2,3,0,2,2
838,643,144,2,0,0,2.6965,0.99195,0,30,0,0,2,3,0,2,2
839,643,240,2,0,0,2.912,1.0689,0,30,0,0,2,3,0,2,2
840,643,336,2,0,0,3.8579,1.3501,0,30,0,0,2,3,0,2,2
841,644,0,2,1,3,0,0,0,3,48,10,2,0.3,0,3,2
842,644,0.5,2,0,0,2.4841,0.90993,0,3,0,0,2,0.3,0,3,2
843,644,4,2,0,0,4.7636,1.561,0,3,0,0,2,0.3,0,3,2
844,644,24,2,0,0,3.6282,1.2887,0,3,0,0,2,0.3,0,3,2
845,644,48,2,0,0,2.725,1.0025,0,3,0,0,2,0.3,0,3,2
846,644,144,2,0,0,3.7207,1.3139,0,3,0,0,2,0.3,0,3,2
847,644,240,2,0,0,3.4142,1.228,0,3,0,0,2,0.3,0,3,2
848,644,336,2,0,0,2.3672,0.86171,0,3,0,0,2,0.3,0,3,2
849,646,0,2,1,90,0,0,0,90,48,10,2,3,0,2,2
850,646,0.5,2,0,0,3.1454,1.1459,0,90,0,0,2,3,0,2,2
851,646,4,2,0,0,14.054,2.6429,0,90,0,0,2,3,0,2,2
852,646,24,2,0,0,21.105,3.0495,0,90,0,0,2,3,0,2,2
853,646,48,2,0,0,27.435,3.3118,0,90,0,0,2,3,0,2,2
854,646,144,2,0,0,44.656,3.799,0,90,0,0,2,3,0,2,2
855,646,240,2,0,0,31.346,3.4451,0,90,0,0,2,3,0,2,2
856,646,336,2,0,0,40.082,3.6909,0,90,0,0,2,3,0,2,2
857,647,0,2,1,9,0,0,0,9,48,10,2,0.3,0,3,2
858,647,0.5,2,0,0,7.6571,2.0356,0,9,0,0,2,0.3,0,3,2
859,647,4,2,0,0,9.4208,2.2429,0,9,0,0,2,0.3,0,3,2
860,647,24,2,0,0,12.509,2.5264,0,9,0,0,2,0.3,0,3,2
861,647,48,2,0,0,4.0955,1.4099,0,9,0,0,2,0.3,0,3,2
862,647,144,2,0,0,6.4126,1.8583,0,9,0,0,2,0.3,0,3,2
863,647,240,2,0,0,5.959,1.7849,0,9,0,0,2,0.3,0,3,2
864,647,336,2,0,0,3.6908,1.3059,0,9,0,0,2,0.3,0,3,2
865,676,0,2,1,9,0,0,0,9,48,10,2,3,0,2,1
866,676,0.5,2,0,0,2.6093,0.95909,0,9,0,0,2,3,0,2,1
867,676,4,2,0,0,10.39,2.3408,0,9,0,0,2,3,0,2,1
868,676,24,2,0,0,12.762,2.5465,0,9,0,0,2,3,0,2,1
869,676,48,2,0,0,0,0,1,9,0,0,2,3,0,2,1
870,676,144,2,0,0,1.4815,0.39303,0,9,0,0,2,3,0,2,1
871,676,240,2,0,0,5.6046,1.7236,0,9,0,0,2,3,0,2,1
872,676,336,2,0,0,8.9988,2.1971,0,9,0,0,2,3,0,2,1
873,677,0,2,1,0.9,0,0,0,0.9,48,10,2,0.3,0,3,1
874,677,0.5,2,0,0,2.5534,0.93744,0,0.9,0,0,2,0.3,0,3,1
875,677,4,2,0,0,15.227,2.7231,0,0.9,0,0,2,0.3,0,3,1
876,677,24,2,0,0,41.371,3.7226,0,0.9,0,0,2,0.3,0,3,1
877,677,48,2,0,0,37.377,3.6211,0,0.9,0,0,2,0.3,0,3,1
878,677,144,2,0,0,61.59,4.1205,0,0.9,0,0,2,0.3,0,3,1
879,677,240,2,0,0,77.833,4.3546,0,0.9,0,0,2,0.3,0,3,1
880,677,336,2,0,0,107.54,4.6779,0,0.9,0,0,2,0.3,0,3,1
881,679,0,2,1,30,0,0,0,30,48,10,2,3,0,2,1
882,679,0.5,2,0,0,5.3827,1.6832,0,30,0,0,2,3,0,2,1
883,679,4,2,0,0,39.229,3.6694,0,30,0,0,2,3,0,2,1
884,679,24,2,0,0,43.096,3.7634,0,30,0,0,2,3,0,2,1
885,679,48,2,0,0,88.557,4.4836,0,30,0,0,2,3,0,2,1
886,679,144,2,0,0,117.76,4.7686,0,30,0,0,2,3,0,2,1
887,679,240,2,0,0,264.61,5.5782,0,30,0,0,2,3,0,2,1
888,679,336,2,0,0,320.74,5.7706,0,30,0,0,2,3,0,2,1
889,680,0,2,1,3,0,0,0,3,48,10,2,0.3,1,3,1
890,680,0.5,2,0,0,7.6946,2.0405,0,3,0,0,2,0.3,1,3,1
891,680,4,2,0,0,94.519,4.5488,0,3,0,0,2,0.3,1,3,1
892,680,24,2,0,0,58.055,4.0614,0,3,0,0,2,0.3,1,3,1
893,680,48,2,0,0,70.806,4.2599,0,3,0,0,2,0.3,1,3,1
894,680,144,2,0,0,2.0038,0.69503,0,3,0,0,2,0.3,1,3,1
895,680,240,2,0,0,0.11303,-2.1801,0,3,0,0,2,0.3,1,3,1
896,680,336,2,0,0,0,0,1,3,0,0,2,0.3,1,3,1
897,682,0,2,1,90,0,0,0,90,48,10,2,3,0,2,1
898,682,0.5,2,0,0,32.387,3.4777,0,90,0,0,2,3,0,2,1
899,682,4,2,0,0,69.933,4.2475,0,90,0,0,2,3,0,2,1
900,682,24,2,0,0,504.51,6.2236,0,90,0,0,2,3,0,2,1
901,682,48,2,0,0,176.33,5.1723,0,90,0,0,2,3,0,2,1
902,682,144,2,0,0,670.98,6.5087,0,90,0,0,2,3,0,2,1
903,682,240,2,0,0,1112.7,7.0146,0,90,0,0,2,3,0,2,1
904,682,336,2,0,0,1751,7.4679,0,90,0,0,2,3,0,2,1
905,683,0,2,1,9,0,0,0,9,48,10,2,0.3,0,3,1
906,683,0.5,2,0,0,25.423,3.2357,0,9,0,0,2,0.3,0,3,1
907,683,4,2,0,0,185.48,5.223,0,9,0,0,2,0.3,0,3,1
908,683,24,2,0,0,376.46,5.9308,0,9,0,0,2,0.3,0,3,1
909,683,48,2,0,0,220.22,5.3946,0,9,0,0,2,0.3,0,3,1
910,683,144,2,0,0,298.47,5.6987,0,9,0,0,2,0.3,0,3,1
911,683,240,2,0,0,563.97,6.335,0,9,0,0,2,0.3,0,3,1
912,683,336,2,0,0,794.86,6.6782,0,9,0,0,2,0.3,0,3,1
913,712,0,2,1,9,0,0,0,9,48,10,2,3,0,2,2
914,712,0.5,2,0,0,0.47051,-0.75394,0,9,0,0,2,3,0,2,2
915,712,4,2,0,0,1.647,0.49897,0,9,0,0,2,3,0,2,2
916,712,24,2,0,0,1.7468,0.55777,0,9,0,0,2,3,0,2,2
917,712,48,2,0,0,1.032,0.0315,0,9,0,0,2,3,0,2,2
918,712,144,2,0,0,0.91013,-0.094167,0,9,0,0,2,3,0,2,2
919,712,240,2,0,0,0.78798,-0.23829,0,9,0,0,2,3,0,2,2
920,712,336,2,0,0,1.4107,0.34409,0,9,0,0,2,3,0,2,2
921,713,0,2,1,0.9,0,0,0,0.9,48,10,2,0.3,0,3,2
922,713,0.5,2,0,0,0.42214,-0.86241,0,0.9,0,0,2,0.3,0,3,2
923,713,4,2,0,0,2.3868,0.86997,0,0.9,0,0,2,0.3,0,3,2
924,713,24,2,0,0,1.4047,0.33986,0,0.9,0,0,2,0.3,0,3,2
925,713,48,2,0,0,0.54573,-0.60564,0,0.9,0,0,2,0.3,0,3,2
926,713,144,2,0,0,0.45073,-0.79689,0,0.9,0,0,2,0.3,0,3,2
927,713,240,2,0,0,0.51088,-0.67162,0,0.9,0,0,2,0.3,0,3,2
928,713,336,2,0,0,0.46205,-0.77208,0,0.9,0,0,2,0.3,0,3,2
929,715,0,2,1,30,0,0,0,30,48,10,2,3,0,2,2
930,715,0.5,2,0,0,5.5303,1.7102,0,30,0,0,2,3,0,2,2
931,715,4,2,0,0,15.726,2.7553,0,30,0,0,2,3,0,2,2
932,715,24,2,0,0,13.074,2.5707,0,30,0,0,2,3,0,2,2
933,715,48,2,0,0,2.8635,1.0521,0,30,0,0,2,3,0,2,2
934,715,144,2,0,0,2.4036,0.87696,0,30,0,0,2,3,0,2,2
935,715,240,2,0,0,5.6405,1.73,0,30,0,0,2,3,0,2,2
936,715,336,2,0,0,4.0192,1.3911,0,30,0,0,2,3,0,2,2
937,716,0,2,1,3,0,0,0,3,48,10,2,0.3,0,3,2
938,716,0.5,2,0,0,1.4754,0.38894,0,3,0,0,2,0.3,0,3,2
939,716,4,2,0,0,8.9722,2.1941,0,3,0,0,2,0.3,0,3,2
940,716,24,2,0,0,14.161,2.6505,0,3,0,0,2,0.3,0,3,2
941,716,48,2,0,0,3.3815,1.2183,0,3,0,0,2,0.3,0,3,2
942,716,144,2,0,0,7.596,2.0276,0,3,0,0,2,0.3,0,3,2
943,716,240,2,0,0,8.5724,2.1485,0,3,0,0,2,0.3,0,3,2
944,716,336,2,0,0,9.2061,2.2199,0,3,0,0,2,0.3,0,3,2
945,718,0,2,1,90,0,0,0,90,48,10,2,3,0,2,2
946,718,0.5,2,0,0,5.1025,1.6297,0,90,0,0,2,3,0,2,2
947,718,4,2,0,0,26.076,3.261,0,90,0,0,2,3,0,2,2
948,718,24,2,0,0,0.50717,-0.6789,0,90,0,0,2,3,0,2,2
949,718,48,2,0,0,8.3948,2.1276,0,90,0,0,2,3,0,2,2
950,718,144,2,0,0,3.3332,1.2039,0,90,0,0,2,3,0,2,2
951,718,240,2,0,0,12.781,2.5479,0,90,0,0,2,3,0,2,2
952,718,336,2,0,0,8.2855,2.1145,0,90,0,0,2,3,0,2,2
953,719,0,2,1,9,0,0,0,9,48,10,2,0.3,0,3,2
954,719,0.5,2,0,0,3.5282,1.2608,0,9,0,0,2,0.3,0,3,2
955,719,4,2,0,0,15.713,2.7545,0,9,0,0,2,0.3,0,3,2
956,719,24,2,0,0,11.732,2.4623,0,9,0,0,2,0.3,0,3,2
957,719,48,2,0,0,9.7871,2.2811,0,9,0,0,2,0.3,0,3,2
958,719,144,2,0,0,16.123,2.7803,0,9,0,0,2,0.3,0,3,2
959,719,240,2,0,0,5.7667,1.7521,0,9,0,0,2,0.3,0,3,2
960,719,336,2,0,0,9.9447,2.297,0,9,0,0,2,0.3,0,3,2
